cohort_month,0.0,1.0
2024-01,100.0,15.484949832775921
2024-02,100.0,15.529753265602322
2024-03,100.0,14.853840924541128
2024-04,100.0,15.427574171029669
2024-05,100.0,15.949453551912567
2024-06,100.0,15.300353356890458
2024-07,100.0,15.436696005416383
2024-08,100.0,15.345869711215581
2024-09,100.0,14.532019704433496
2024-10,100.0,15.332197614991482
2024-11,100.0,15.251238499646144
2024-12,100.0,11.337008959338387
